Workbook
Name Slicer_City: #N/A
Name Slicer_Loan_Type: #N/A

Sheet Sheet5
A3: Sum of Outstanding | B3: Column Labels
A4: Row Labels | B4: Gold Loan | C4: Home Loan | D4: Personal Loan | E4: Vehicle Loan | F4: Grand Total
A5: Kolhapur | B5: 550000 | C5: 5800000 | D5: 700000 | E5: 3350000 | F5: 10400000
A6: Mumbai | B6: 830000 | C6: 10000000 | D6: 970000 | E6: 450000 | F6: 12250000
A7: Nagpur | B7: 350000 | D7: 350000 | E7: 2400000 | F7: 3100000
A8: Nashik | B8: 220000 | C8: 2400000 | E8: 850000 | F8: 3470000
A9: Pune | C9: 16600000 | D9: 1780000 | E9: 800000 | F9: 19180000
A10: Satara | B10: 230000 | C10: 7800000 | D10: 1220000 | E10: 600000 | F10: 9850000
A11: Grand Total | B11: 2180000 | C11: 42600000 | D11: 5020000 | E11: 8450000 | F11: 58250000

Sheet Customer_Master
A1: Cust_ID | B1: Cust_Name | C1: City | D1: Outstanding | E1: DPD | F1: Clear_Name | G1: Loan_Type | H1: clean_cust_name | I1: Loan_Status
A2: 101 | B2: sanket SHINDE | C2: Pune | D2: =VLOOKUP(A2,Loan_Accounts!$A$1:$E$51,4,0) -> 1800000 | E2: =VLOOKUP(A2,Loan_Accounts!$A$1:$E$51,5,0) -> 0 | F2: =TRIM(PROPER(B2)) -> Sanket Shinde | G2: =VLOOKUP(Table1[[#This Row],[Cust_ID]],Table4[#All],2,0) -> Home Loan | H2: =PROPER(TRIM(B2)) -> Sanket Shinde | I2: =IF(E2>90,"Risk","Safe") -> Safe
A3: 102 | B3: rahul Patil | C3: Satara | D3: =VLOOKUP(A3,Loan_Accounts!$A$1:$E$51,4,0) -> 450000 | E3: =VLOOKUP(A3,Loan_Accounts!$A$1:$E$51,5,0) -> 120 | F3: =TRIM(PROPER(B3)) -> Rahul Patil | G3: =VLOOKUP(Table1[[#This Row],[Cust_ID]],Table4[#All],2,0) -> Personal Loan | H3: =PROPER(TRIM(B3)) -> Rahul Patil | I3: =IF(E3>90,"Risk","Safe") -> Risk
A4: 103 | B4: amit sharma | C4: Mumbai | D4: =VLOOKUP(A4,Loan_Accounts!$A$1:$E$51,4,0) -> 150000 | E4: =VLOOKUP(A4,Loan_Accounts!$A$1:$E$51,5,0) -> 45 | F4: =TRIM(PROPER(B4)) -> Amit Sharma | G4: =VLOOKUP(Table1[[#This Row],[Cust_ID]],Table4[#All],2,0) -> Gold Loan | H4: =PROPER(TRIM(B4)) -> Amit Sharma | I4: =IF(E4>90,"Risk","Safe") -> Safe
A5: 104 | B5: VIKRAM MANE | C5: Kolhapur | D5: =VLOOKUP(A5,Loan_Accounts!$A$1:$E$51,4,0) -> 3500000 | E5: =VLOOKUP(A5,Loan_Accounts!$A$1:$E$51,5,0) -> 95 | F5: =TRIM(PROPER(B5)) -> Vikram Mane | G5: =VLOOKUP(Table1[[#This Row],[Cust_ID]],Table4[#All],2,0) -> Home Loan | H5: =PROPER(TRIM(B5)) -> Vikram Mane | I5: =IF(E5>90,"Risk","Safe") -> Risk
A6: 105 | B6: pooja desai | C6: Pune | D6: =VLOOKUP(A6,Loan_Accounts!$A$1:$E$51,4,0) -> 50000 | E6: =VLOOKUP(A6,Loan_Accounts!$A$1:$E$51,5,0) -> 15 | F6: =TRIM(PROPER(B6)) -> Pooja Desai | G6: =VLOOKUP(Table1[[#This Row],[Cust_ID]],Table4[#All],2,0) -> Personal Loan | H6: =PROPER(TRIM(B6)) -> Pooja Desai | I6: =IF(E6>90,"Risk","Safe") -> Safe
A7: 106 | B7: Ajay Jagtap | C7: Satara | D7: =VLOOKUP(A7,Loan_Accounts!$A$1:$E$51,4,0) -> 30000 | E7: =VLOOKUP(A7,Loan_Accounts!$A$1:$E$51,5,0) -> 0 | F7: =TRIM(PROPER(B7)) -> Ajay Jagtap | G7: =VLOOKUP(Table1[[#This Row],[Cust_ID]],Table4[#All],2,0) -> Gold Loan | H7: =PROPER(TRIM(B7)) -> Ajay Jagtap | I7: =IF(E7>90,"Risk","Safe") -> Safe
A8: 107 | B8: SNEHA KULKARNI | C8: Mumbai | D8: =VLOOKUP(A8,Loan_Accounts!$A$1:$E$51,4,0) -> 4200000 | E8: =VLOOKUP(A8,Loan_Accounts!$A$1:$E$51,5,0) -> 10 cursor | F8: =TRIM(PROPER(B8)) -> Sneha Kulkarni | G8: =VLOOKUP(Table1[[#This Row],[Cust_ID]],Table4[#All],2,0) -> Home Loan | H8: =PROPER(TRIM(B8)) -> Sneha Kulkarni | I8: =IF(E8>90,"Risk","Safe") -> Risk
A9: 108 | B9: Pranav Joshi | C9: Pune | D9: =VLOOKUP(A9,Loan_Accounts!$A$1:$E$51,4,0) -> 700000 | E9: =VLOOKUP(A9,Loan_Accounts!$A$1:$E$51,5,0) -> 110 | F9: =TRIM(PROPER(B9)) -> Pranav Joshi | G9: =VLOOKUP(Table1[[#This Row],[Cust_ID]],Table4[#All],2,0) -> Personal Loan | H9: =PROPER(TRIM(B9)) -> Pranav Joshi | I9: =IF(E9>90,"Risk","Safe") -> Risk
A10: 109 | B10: rohit kadam | C10: Kolhapur | D10: =VLOOKUP(A10,Loan_Accounts!$A$1:$E$51,4,0) -> 900000 | E10: =VLOOKUP(A10,Loan_Accounts!$A$1:$E$51,5,0) -> 30 | F10: =TRIM(PROPER(B10)) -> Rohit Kadam | G10: =VLOOKUP(Table1[[#This Row],[Cust_ID]],Table4[#All],2,0) -> Vehicle Loan | H10: =PROPER(TRIM(B10)) -> Rohit Kadam | I10: =IF(E10>90,"Risk","Safe") -> Safe
A11: 110 | B11: Deepak Pawar | C11: Satara | D11: =VLOOKUP(A11,Loan_Accounts!$A$1:$E$51,4,0) -> 2700000 | E11: =VLOOKUP(A11,Loan_Accounts!$A$1:$E$51,5,0) -> 150 | F11: =TRIM(PROPER(B11)) -> Deepak Pawar | G11: =VLOOKUP(Table1[[#This Row],[Cust_ID]],Table4[#All],2,0) -> Home Loan | H11: =PROPER(TRIM(B11)) -> Deepak Pawar | I11: =IF(E11>90,"Risk","Safe") -> Risk
A12: 111 | B12: Mahesh Bhosale | C12: Pune | D12: =VLOOKUP(A12,Loan_Accounts!$A$1:$E$51,4,0) -> 200000 | E12: =VLOOKUP(A12,Loan_Accounts!$A$1:$E$51,5,0) -> 0 | F12: =TRIM(PROPER(B12)) -> Mahesh Bhosale | G12: =VLOOKUP(Table1[[#This Row],[Cust_ID]],Table4[#All],2,0) -> Personal Loan | H12: =PROPER(TRIM(B12)) -> Mahesh Bhosale | I12: =IF(E12>90,"Risk","Safe") -> Safe
A13: 112 | B13: Anjali GAIKWAD | C13: Mumbai | D13: =VLOOKUP(A13,Loan_Accounts!$A$1:$E$51,4,0) -> 250000 | E13: =VLOOKUP(A13,Loan_Accounts!$A$1:$E$51,5,0) -> 60 | F13: =TRIM(PROPER(B13)) -> Anjali Gaikwad | G13: =VLOOKUP(Table1[[#This Row],[Cust_ID]],Table4[#All],2,0) -> Gold Loan | H13: =PROPER(TRIM(B13)) -> Anjali Gaikwad | I13: =IF(E13>90,"Risk","Safe") -> Safe
... A51: 150 | B51: Vinayak Patil | C51: Mumbai | D51: =VLOOKUP(A51,Loan_Accounts!$A$1:$E$51,4,0) -> 80000 | E51: =VLOOKUP(A51,Loan_Accounts!$A$1:$E$51,5,0) -> 0 | F51: =TRIM(PROPER(B51)) -> Vinayak Patil | G51: =VLOOKUP(Table1[[#This Row],[Cust_ID]],Table4[#All],2,0) -> Gold Loan | H51: =PROPER(TRIM(B51)) -> Vinayak Patil | I51: =IF(E51>90,"Risk","Safe") -> Safe

Sheet Loan_Accounts
A1: Cust_ID | B1: Loan_Type | C1: Loan_Amount | D1: Outstanding | E1: DPD
A2: 101 | B2: Home Loan | C2: 2500000 | D2: 1800000 | E2: 0
A3: 102 | B3: Personal Loan | C3: 500000 | D3: 450000 | E3: 120
A4: 103 | B4: Gold Loan | C4: 300000 | D4: 150000 | E4: 45
A5: 104 | B5: Home Loan | C5: 4000000 | D5: 3500000 | E5: 95
A6: 105 | B6: Personal Loan | C6: 200000 | D6: 50000 | E6: 15
A7: 106 | B7: Gold Loan | C7: 150000 | D7: 30000 | E7: 0
A8: 107 | B8: Home Loan | C8: 5000000 | D8: 4200000 | E8: 10 cursor
A9: 108 | B9: Personal Loan | C9: 800000 | D9: 700000 | E9: 110
A10: 109 | B10: Vehicle Loan | C10: 1200000 | D10: 900000 | E10: 30
A11: 110 | B11: Home Loan | C11: 3000000 | D11: 2700000 | E11: 150
A12: 111 | B12: Personal Loan | C12: 300000 | D12: 200000 | E12: 0
A13: 112 | B13: Gold Loan | C13: 500000 | D13: 250000 | E13: 60
A14: 113 | B14: Vehicle Loan | C14: 700000 | D14: 500000 | E14: 0
A15: 114 | B15: Home Loan | C15: 1800000 | D15: 1400000 | E15: 92
A16: 115 | B16: Personal Loan | C16: 400000 | D16: 350000 | E16: 40
A17: 116 | B17: Gold Loan | C17: 250000 | D17: 100000 | E17: 0
A18: 117 | B18: Home Loan | C18: 3500000 | D18: 3100000 | E18: 105
A19: 118 | B19: Personal Loan | C19: 600000 | D19: 550000 | E19: 0
A20: 119 | B20: Vehicle Loan | C20: 900000 | D20: 750000 | E20: 15
... A51: 150 | B51: Gold Loan | C51: 250000 | D51: 80000 | E51: 0
